version,trial,rows,buffer_pool_pages,operation,duration_ms,validation
baseline,1,1000000,4096,Table insert,692.76,passed: scan=1000000; point_hits=10000; range_rows=5000; index_entries=1000000
baseline,2,1000000,4096,Table insert,682.72,passed: scan=1000000; point_hits=10000; range_rows=5000; index_entries=1000000
baseline,3,1000000,4096,Table insert,852.17,passed: scan=1000000; point_hits=10000; range_rows=5000; index_entries=1000000
baseline,4,1000000,4096,Table insert,732.03,passed: scan=1000000; point_hits=10000; range_rows=5000; index_entries=1000000
baseline,5,1000000,4096,Table insert,706.40,passed: scan=1000000; point_hits=10000; range_rows=5000; index_entries=1000000
optimized,1,1000000,4096,Table insert,497.85,passed: scan=1000000; point_hits=10000; range_rows=5000; index_entries=1000000
optimized,2,1000000,4096,Table insert,499.41,passed: scan=1000000; point_hits=10000; range_rows=5000; index_entries=1000000
optimized,3,1000000,4096,Table insert,504.70,passed: scan=1000000; point_hits=10000; range_rows=5000; index_entries=1000000
optimized,4,1000000,4096,Table insert,505.91,passed: scan=1000000; point_hits=10000; range_rows=5000; index_entries=1000000
optimized,5,1000000,4096,Table insert,537.91,passed: scan=1000000; point_hits=10000; range_rows=5000; index_entries=1000000
baseline,1,1000000,4096,Heap table full scan,513.82,passed: scan=1000000; point_hits=10000; range_rows=5000; index_entries=1000000
baseline,2,1000000,4096,Heap table full scan,526.87,passed: scan=1000000; point_hits=10000; range_rows=5000; index_entries=1000000
baseline,3,1000000,4096,Heap table full scan,655.77,passed: scan=1000000; point_hits=10000; range_rows=5000; index_entries=1000000
baseline,4,1000000,4096,Heap table full scan,571.28,passed: scan=1000000; point_hits=10000; range_rows=5000; index_entries=1000000
baseline,5,1000000,4096,Heap table full scan,537.06,passed: scan=1000000; point_hits=10000; range_rows=5000; index_entries=1000000
optimized,1,1000000,4096,Heap table full scan,234.24,passed: scan=1000000; point_hits=10000; range_rows=5000; index_entries=1000000
optimized,2,1000000,4096,Heap table full scan,237.19,passed: scan=1000000; point_hits=10000; range_rows=5000; index_entries=1000000
optimized,3,1000000,4096,Heap table full scan,238.35,passed: scan=1000000; point_hits=10000; range_rows=5000; index_entries=1000000
optimized,4,1000000,4096,Heap table full scan,247.88,passed: scan=1000000; point_hits=10000; range_rows=5000; index_entries=1000000
optimized,5,1000000,4096,Heap table full scan,239.37,passed: scan=1000000; point_hits=10000; range_rows=5000; index_entries=1000000
baseline,1,1000000,4096,B+ tree insert,928.15,passed: scan=1000000; point_hits=10000; range_rows=5000; index_entries=1000000
baseline,2,1000000,4096,B+ tree insert,1151.23,passed: scan=1000000; point_hits=10000; range_rows=5000; index_entries=1000000
baseline,3,1000000,4096,B+ tree insert,909.60,passed: scan=1000000; point_hits=10000; range_rows=5000; index_entries=1000000
baseline,4,1000000,4096,B+ tree insert,1004.81,passed: scan=1000000; point_hits=10000; range_rows=5000; index_entries=1000000
baseline,5,1000000,4096,B+ tree insert,927.24,passed: scan=1000000; point_hits=10000; range_rows=5000; index_entries=1000000
optimized,1,1000000,4096,B+ tree insert,772.55,passed: scan=1000000; point_hits=10000; range_rows=5000; index_entries=1000000
optimized,2,1000000,4096,B+ tree insert,774.55,passed: scan=1000000; point_hits=10000; range_rows=5000; index_entries=1000000
optimized,3,1000000,4096,B+ tree insert,771.47,passed: scan=1000000; point_hits=10000; range_rows=5000; index_entries=1000000
optimized,4,1000000,4096,B+ tree insert,815.09,passed: scan=1000000; point_hits=10000; range_rows=5000; index_entries=1000000
optimized,5,1000000,4096,B+ tree insert,907.31,passed: scan=1000000; point_hits=10000; range_rows=5000; index_entries=1000000
baseline,1,1000000,4096,B+ tree point lookup,248.81,passed: scan=1000000; point_hits=10000; range_rows=5000; index_entries=1000000
baseline,2,1000000,4096,B+ tree point lookup,295.56,passed: scan=1000000; point_hits=10000; range_rows=5000; index_entries=1000000
baseline,3,1000000,4096,B+ tree point lookup,245.25,passed: scan=1000000; point_hits=10000; range_rows=5000; index_entries=1000000
baseline,4,1000000,4096,B+ tree point lookup,255.03,passed: scan=1000000; point_hits=10000; range_rows=5000; index_entries=1000000
baseline,5,1000000,4096,B+ tree point lookup,245.46,passed: scan=1000000; point_hits=10000; range_rows=5000; index_entries=1000000
optimized,1,1000000,4096,B+ tree point lookup,94.55,passed: scan=1000000; point_hits=10000; range_rows=5000; index_entries=1000000
optimized,2,1000000,4096,B+ tree point lookup,88.84,passed: scan=1000000; point_hits=10000; range_rows=5000; index_entries=1000000
optimized,3,1000000,4096,B+ tree point lookup,92.54,passed: scan=1000000; point_hits=10000; range_rows=5000; index_entries=1000000
optimized,4,1000000,4096,B+ tree point lookup,92.36,passed: scan=1000000; point_hits=10000; range_rows=5000; index_entries=1000000
optimized,5,1000000,4096,B+ tree point lookup,179.32,passed: scan=1000000; point_hits=10000; range_rows=5000; index_entries=1000000
baseline,1,1000000,4096,B+ tree range scan,1.19,passed: scan=1000000; point_hits=10000; range_rows=5000; index_entries=1000000
baseline,2,1000000,4096,B+ tree range scan,2.79,passed: scan=1000000; point_hits=10000; range_rows=5000; index_entries=1000000
baseline,3,1000000,4096,B+ tree range scan,1.59,passed: scan=1000000; point_hits=10000; range_rows=5000; index_entries=1000000
baseline,4,1000000,4096,B+ tree range scan,1.43,passed: scan=1000000; point_hits=10000; range_rows=5000; index_entries=1000000
baseline,5,1000000,4096,B+ tree range scan,1.24,passed: scan=1000000; point_hits=10000; range_rows=5000; index_entries=1000000
optimized,1,1000000,4096,B+ tree range scan,0.67,passed: scan=1000000; point_hits=10000; range_rows=5000; index_entries=1000000
optimized,2,1000000,4096,B+ tree range scan,0.49,passed: scan=1000000; point_hits=10000; range_rows=5000; index_entries=1000000
optimized,3,1000000,4096,B+ tree range scan,0.61,passed: scan=1000000; point_hits=10000; range_rows=5000; index_entries=1000000
optimized,4,1000000,4096,B+ tree range scan,0.57,passed: scan=1000000; point_hits=10000; range_rows=5000; index_entries=1000000
optimized,5,1000000,4096,B+ tree range scan,0.50,passed: scan=1000000; point_hits=10000; range_rows=5000; index_entries=1000000
